Algorithm,Log Source,Log,Window Size,SW Step Size,Detected Changepoints,Actual Changepoints for Log,F1-Score,Average Lag,Duration,Duration (Seconds),Seconds per Case
Maaradji Runs,with_noise_20,log_100_1687182078,100,2,[],[1133],,,00:00:01,1.2939353873953223,0.0005455039575865
Maaradji Runs,with_noise_10,log_100_1687182078,200,2,[],[1133],,,00:00:00,0.8653776030987501,0.0003648303554379
Maaradji Runs,with_noise_10,log_100_1687182078,300,2,[],[1133],,,00:00:01,1.016587463207543,0.000428578188536
Maaradji Runs,with_noise_10,log_100_1687182078,50,2,[],[1133],,,00:00:00,0.8388837575912476,0.0003536609433352
Maaradji Runs,with_noise_20,log_10_1687181929,100,2,[],"[1446, 1821]",,,00:00:31,31.668682113289837,0.0122889724925455
Maaradji Runs,with_noise_20,log_10_1687181929,150,2,[],"[1446, 1821]",,,00:00:31,31.89220395311713,0.0123757097218149
Maaradji Runs,without_noise,log_10_1687181929,200,2,[],"[1446, 1821]",,,00:05:51,351.690118056722,0.1364726884193721
Maaradji Runs,with_noise_20,log_10_1687181929,250,2,[],"[1446, 1821]",,,00:00:31,31.00844882801175,0.0120327702087744
Maaradji Runs,with_noise_20,log_10_1687181929,300,2,[],"[1446, 1821]",,,00:00:29,29.872927649877965,0.0115921333526883
Maaradji Runs,without_noise,log_11_1687181931,100,2,[982],[1012],1.0,30.0,00:00:00,0.197501603513956,0.0001165201200672
Maaradji Runs,without_noise,log_11_1687181931,150,2,[966],[1012],1.0,46.0,00:00:00,0.3395175747573375,0.0002003053538391
Maaradji Runs,without_noise,log_11_1687181931,200,2,[948],[1012],1.0,64.0,00:00:00,0.3627117602154612,0.0002139892390651
Maaradji Runs,with_noise_20,log_11_1687181931,250,2,[],[1012],,,00:00:01,1.0798281449824572,0.000637066752202
Maaradji Runs,without_noise,log_11_1687181931,50,2,[998],[1012],1.0,14.0,00:00:00,0.1863614488393068,0.0001099477574273
Maaradji Runs,with_noise_10,log_12_1687181931,100,2,[],"[969, 1263]",,,00:00:00,0.4325260883197188,0.0002436766694758
Maaradji Runs,with_noise_10,log_12_1687181931,150,2,[],"[969, 1263]",,,00:00:00,0.28111139126122,0.000158372614795
Maaradji Runs,with_noise_10,log_12_1687181931,250,2,[],"[969, 1263]",,,00:00:00,0.4611523440107703,0.0002598041374708
Maaradji Runs,with_noise_10,log_13_1687181932,100,2,[],"[627, 835, 1407, 2856, 3239]",,,00:00:01,1.70624606218189,0.0003842896536445
Maaradji Runs,without_noise,log_13_1687181932,150,2,"[612, 1360, 2846]","[627, 835, 1407, 2856, 3239]",0.7499999999999999,24.0,00:00:01,1.1088096303865314,0.0002497318987357
Maaradji Runs,with_noise_10,log_13_1687181932,200,2,[],"[627, 835, 1407, 2856, 3239]",,,00:00:02,2.010304776020348,0.0004527713459505
Maaradji Runs,with_noise_20,log_13_1687181932,250,2,[],"[627, 835, 1407, 2856, 3239]",,,00:00:01,1.506028718315065,0.0003391956572781
Maaradji Runs,without_noise,log_13_1687181932,300,2,"[562, 1314, 2796]","[627, 835, 1407, 2856, 3239]",0.7499999999999999,72.66666666666667,00:00:01,1.5003157015889883,0.0003379089417993
Maaradji Runs,with_noise_10,log_14_1687181933,150,2,[],[1179],,,00:00:00,0.6891087247058749,0.0003685073394149
Maaradji Runs,with_noise_20,log_14_1687181933,200,2,[],[1179],,,00:00:00,0.8958118921145797,0.0004790437925746
Maaradji Runs,with_noise_10,log_14_1687181933,250,2,[],[1179],,,00:00:00,0.6700596325099468,0.0003583206590962
Maaradji Runs,without_noise,log_15_1687181933,100,2,"[964, 1276]","[957, 1345]",1.0,38.0,00:00:00,0.6145161017775536,0.0002337451889606
Maaradji Runs,without_noise,log_15_1687181933,200,2,[930],"[957, 1345]",0.6666666666666666,27.0,00:00:00,0.6703429687768221,0.0002549802087397
Maaradji Runs,with_noise_10,log_15_1687181933,250,2,[],"[957, 1345]",,,00:00:01,1.002066245302558,0.0003811587087495
Maaradji Runs,with_noise_10,log_15_1687181933,300,2,[],"[957, 1345]",,,00:00:00,0.5841816663742065,0.0002222067958821
Maaradji Runs,with_noise_10,log_16_1687181934,100,2,[],"[1218, 1793, 2771]",,,00:00:01,1.7031105337664485,0.0004219798151056
Maaradji Runs,with_noise_10,log_16_1687181934,200,2,[],"[1218, 1793, 2771]",,,00:00:01,1.6584682054817677,0.0004109187823294
Maaradji Runs,with_noise_20,log_16_1687181934,250,2,[],"[1218, 1793, 2771]",,,00:00:02,2.228784080594778,0.0005522259862722
Maaradji Runs,with_noise_10,log_16_1687181934,300,2,[],"[1218, 1793, 2771]",,,00:00:01,1.8279541144147515,0.0004529123177439
Maaradji Runs,with_noise_20,log_17_1687181934,150,2,[],"[975, 1309, 2437, 2652, 3899]",,,00:00:16,16.065342664718628,0.0033001936451763
Maaradji Runs,with_noise_10,log_17_1687181934,250,2,[],"[975, 1309, 2437, 2652, 3899]",,,00:00:13,13.145951042883098,0.0027004829586859
Maaradji Runs,with_noise_20,log_18_1687181937,100,2,[],"[1013, 1325]",,,00:00:09,9.1869978280738,0.00435402740667
Maaradji Runs,with_noise_20,log_18_1687181937,150,2,[],"[1013, 1325]",,,00:00:09,9.90800502616912,0.004695736979227
Maaradji Runs,with_noise_20,log_18_1687181937,200,2,[],"[1013, 1325]",,,00:00:09,9.484565913677216,0.004495054935392
Maaradji Runs,with_noise_20,log_18_1687181937,300,2,[],"[1013, 1325]",,,00:00:09,9.27574154175818,0.0043960860387479
Maaradji Runs,with_noise_10,log_18_1687181937,50,2,[],"[1013, 1325]",,,00:00:10,10.83042183984071,0.005132901345896
Maaradji Runs,without_noise,log_19_1687181938,250,2,[],[771],,,00:00:43,43.68218722753227,0.0293169041795518
Maaradji Runs,without_noise,log_19_1687181938,300,2,[],[771],,,00:01:01,61.4335058182478,0.0412305408176159
Maaradji Runs,with_noise_10,log_1_1687181916,100,2,[],"[1292, 2437, 3613]",,,00:00:27,27.78737832978368,0.0058598435954836
Maaradji Runs,with_noise_20,log_1_1687181916,150,2,[],"[1292, 2437, 3613]",,,00:00:30,30.05437952466309,0.0063379121730626
Maaradji Runs,without_noise,log_1_1687181916,200,2,"[1282, 2400, 3566]","[1292, 2437, 3613]",1.0,31.33333333333333,00:04:35,275.5662133907899,0.0581118121870075
Maaradji Runs,without_noise,log_1_1687181916,300,2,"[1224, 2368, 3540]","[1292, 2437, 3613]",1.0,70.0,00:04:36,276.3366533517837,0.0582742837097814
Maaradji Runs,with_noise_10,log_1_1687181916,50,2,[],"[1292, 2437, 3613]",,,00:00:16,16.2939982265234,0.0034361025361711
Maaradji Runs,without_noise,log_20_1687181939,100,2,"[1368, 2290, 2788]","[1383, 2319, 2819]",1.0,25.0,00:00:02,2.3066251361742616,0.0005866289766465
Maaradji Runs,with_noise_10,log_20_1687181939,150,2,[],"[1383, 2319, 2819]",,,00:00:01,1.9220690382644532,0.0004888273240753
Maaradji Runs,with_noise_10,log_20_1687181939,200,2,[],"[1383, 2319, 2819]",,,00:00:02,2.045860537327826,0.0005203104113244
Maaradji Runs,with_noise_10,log_20_1687181939,50,2,[],"[1383, 2319, 2819]",,,00:00:01,1.7749771419912577,0.0004514183982683
Maaradji Runs,with_noise_20,log_21_1687181940,100,2,[],[668],,,00:00:09,9.565095061436296,0.0051871448272431
Maaradji Runs,with_noise_20,log_21_1687181940,150,2,[],[668],,,00:00:09,9.00007884670049,0.0048807369016813
Maaradji Runs,with_noise_20,log_21_1687181940,300,2,[],[668],,,00:00:09,9.43204351514578,0.0051149910602742
Maaradji Runs,with_noise_10,log_21_1687181940,50,2,[],[668],,,00:00:08,8.073129089549184,0.0043780526515993
Maaradji Runs,with_noise_10,log_22_1687181941,200,2,[],"[1159, 1512, 2578, 3506, 3838]",,,00:00:02,2.061766516417265,0.0004395153520394
Maaradji Runs,with_noise_10,log_22_1687181941,250,2,[],"[1159, 1512, 2578, 3506, 3838]",,,00:00:02,2.1694460716098547,0.0004624698511212
Maaradji Runs,with_noise_20,log_23_1687181942,150,2,[],"[859, 1255, 2629, 4001, 4377]",,,00:01:16,76.3292473461479,0.0137654188180609
Maaradji Runs,without_noise,log_23_1687181942,50,2,[2634],"[859, 1255, 2629, 4001, 4377]",0.3333333333333333,5.0,00:27:26,1646.9172580791635,0.2970094243605345
Maaradji Runs,with_noise_20,log_24_1687181949,200,2,[],"[994, 1238]",,,00:00:00,0.938247569836676,0.0003899615834732
Maaradji Runs,without_noise,log_24_1687181949,250,2,[952],"[994, 1238]",0.6666666666666666,42.0,00:00:00,0.708605625666678,0.000294516053893
Maaradji Runs,without_noise,log_24_1687181949,50,2,[],"[994, 1238]",,,00:00:00,0.4954426726326346,0.0002059196478107
Maaradji Runs,without_noise,log_25_1687181949,100,2,[],"[783, 1163]",,,00:10:31,631.8437189590186,0.3516103054863765
Maaradji Runs,with_noise_20,log_25_1687181949,150,2,[],"[783, 1163]",,,00:00:28,28.320346570573747,0.0157597921928624
Maaradji Runs,without_noise,log_25_1687181949,200,2,[],"[783, 1163]",,,00:10:47,647.2946614166722,0.3602084927193501
Maaradji Runs,with_noise_20,log_25_1687181949,250,2,[874],"[783, 1163]",0.6666666666666666,91.0,00:00:33,33.235900685191154,0.0184952146272627
Maaradji Runs,with_noise_10,log_25_1687181949,50,2,[],"[783, 1163]",,,00:00:40,40.66391531843692,0.0226287786969598
Maaradji Runs,with_noise_20,log_26_1687181951,100,2,[],"[1394, 1683]",,,00:00:04,4.835949099622667,0.0017831670721322
Maaradji Runs,without_noise,log_26_1687181951,150,2,[1386],"[1394, 1683]",0.6666666666666666,8.0,00:00:12,12.21513083204627,0.0045041042891026
Maaradji Runs,without_noise,log_26_1687181951,200,2,[1366],"[1394, 1683]",0.6666666666666666,28.0,00:00:06,6.042446666397154,0.0022280408061936
Maaradji Runs,with_noise_10,log_26_1687181951,300,2,[],"[1394, 1683]",,,00:00:03,3.125966990366578,0.0011526426955628
Maaradji Runs,without_noise,log_26_1687181951,50,2,[],"[1394, 1683]",,,00:00:06,6.296443423256278,0.0023216974274543
Maaradji Runs,with_noise_10,log_27_1687181952,150,2,[],"[605, 944, 1861, 2203, 3080, 3444]",,,00:00:12,12.054820043966174,0.0028880738006627
Maaradji Runs,with_noise_20,log_27_1687181952,50,2,[],"[605, 944, 1861, 2203, 3080, 3444]",,,00:00:14,14.358282195404172,0.0034399334440354
Maaradji Runs,with_noise_20,log_28_1687181955,100,2,[],[983],,,00:00:01,1.7272050622850657,0.0007568821482406
Maaradji Runs,without_noise,log_28_1687181955,150,2,[936],[983],1.0,47.0,00:00:00,0.4450393384322524,0.0001950216206977
Maaradji Runs,without_noise,log_28_1687181955,200,2,[918],[983],1.0,65.0,00:00:00,0.5133032370358706,0.000224935686694
Maaradji Runs,with_noise_20,log_28_1687181955,300,2,[],[983],,,00:00:00,0.8423364860936999,0.0003691220359744
Maaradji Runs,without_noise,log_28_1687181955,50,2,[968],[983],1.0,15.0,00:00:00,0.3799481326714158,0.0001664978670777
Maaradji Runs,without_noise,log_29_1687181956,100,2,[],"[516, 766]",,,00:00:01,1.2268403712660074,0.0008114023619484
Maaradji Runs,with_noise_20,log_29_1687181956,150,2,[],"[516, 766]",,,00:00:00,0.5187209602445364,0.0003430694181511
Maaradji Runs,with_noise_10,log_29_1687181956,200,2,[],"[516, 766]",,,00:00:01,1.0668370220810175,0.0007055800410588
Maaradji Runs,without_noise,log_29_1687181956,250,2,[506],"[516, 766]",0.6666666666666666,10.0,00:00:00,0.9113063476979733,0.0006027158384245
Maaradji Runs,with_noise_20,log_29_1687181956,300,2,[],"[516, 766]",,,00:00:00,0.9559098947793244,0.0006322155388752
Maaradji Runs,with_noise_10,log_29_1687181956,50,2,[],"[516, 766]",,,00:00:00,0.6186951640993357,0.0004091899233461
Maaradji Runs,with_noise_20,log_2_1687181920,150,2,[],[1011],,,00:00:00,0.7122582392767072,0.0004551170857998
Maaradji Runs,without_noise,log_2_1687181920,200,2,[946],[1011],1.0,65.0,00:00:00,0.7373614320531487,0.0004711574645707
Maaradji Runs,with_noise_10,log_2_1687181920,250,2,[],[1011],,,00:00:00,0.8034928692504764,0.0005134139739619
Maaradji Runs,with_noise_10,log_2_1687181920,50,2,[],[1011],,,00:00:00,0.8077210802584887,0.0005161157062354
Maaradji Runs,without_noise,log_30_1687181956,200,2,"[946, 2968]","[949, 1861, 2912]",0.8,29.5,00:01:13,73.73322486132383,0.0183324775885936
Maaradji Runs,with_noise_20,log_30_1687181956,250,2,[],"[949, 1861, 2912]",,,00:00:11,11.4780255490914,0.0028538104299083
Maaradji Runs,without_noise,log_30_1687181956,300,2,"[968, 1894, 2874]","[949, 1861, 2912]",1.0,30.0,00:01:13,73.895347696729,0.0183727865978938
Maaradji Runs,without_noise,log_31_1687181960,150,2,"[1030, 1898, 3586]","[1043, 1868, 2070, 3338, 3677]",0.7499999999999999,44.66666666666666,00:21:41,1301.8528321785852,0.3022644142508904
Maaradji Runs,without_noise,log_31_1687181960,200,2,"[1010, 1908, 3434]","[1043, 1868, 2070, 3338, 3677]",0.7499999999999999,56.333333333333336,00:21:36,1296.3111620200798,0.3009777483213559
Maaradji Runs,without_noise,log_31_1687181960,250,2,"[988, 1884, 3400]","[1043, 1868, 2070, 3338, 3677]",0.7499999999999999,44.333333333333336,00:20:29,1229.4030389338732,0.2854430088074932
Maaradji Runs,without_noise,log_31_1687181960,50,2,[1048],"[1043, 1868, 2070, 3338, 3677]",0.3333333333333333,5.0,00:20:29,1229.3335329862311,0.2854268709046276
Maaradji Runs,with_noise_20,log_32_1687181966,100,2,[],"[1402, 1725]",,,00:00:03,3.4170779502019286,0.0011299860946434
Maaradji Runs,without_noise,log_32_1687181966,150,2,[1710],"[1402, 1725]",0.6666666666666666,15.0,00:00:20,20.15687287691981,0.0066656325651189
Maaradji Runs,with_noise_20,log_32_1687181966,250,2,[],"[1402, 1725]",,,00:00:03,3.562209665775299,0.0011779793868304
Maaradji Runs,without_noise,log_32_1687181966,50,2,[],"[1402, 1725]",,,00:00:18,18.79744773171842,0.0062160872128698
Maaradji Runs,without_noise,log_33_1687181967,100,2,[956],[987],1.0,31.0,00:00:00,0.630527688190341,0.0004123791289668
Maaradji Runs,without_noise,log_33_1687181967,150,2,[940],[987],1.0,47.0,00:00:00,0.6490592360496521,0.0004244991733483
Maaradji Runs,with_noise_20,log_33_1687181967,200,2,[],[987],,,00:00:01,1.2470751432701943,0.0008156148746044
Maaradji Runs,with_noise_10,log_33_1687181967,250,2,[],[987],,,00:00:00,0.7030481304973364,0.000459809110855
Maaradji Runs,without_noise,log_33_1687181967,300,2,[890],[987],1.0,97.0,00:00:00,0.7064492460340261,0.0004620335160457
Maaradji Runs,with_noise_10,log_33_1687181967,50,2,[],[987],,,00:00:00,0.8755076406523585,0.0005726014654364
Maaradji Runs,with_noise_20,log_34_1687181968,100,2,[],"[1087, 1302]",,,00:00:04,4.055778766050935,0.0015247288594176
Maaradji Runs,without_noise,log_34_1687181968,150,2,[1130],"[1087, 1302]",0.6666666666666666,43.0,00:00:26,26.91834760736674,0.0101196795516416
Maaradji Runs,without_noise,log_34_1687181968,200,2,[1124],"[1087, 1302]",0.6666666666666666,37.0,00:00:27,27.051200471818447,0.0101696242375257
Maaradji Runs,with_noise_10,log_35_1687181968,150,2,[],"[842, 1057, 2418, 2651, 3788, 4180]",,,00:00:01,1.6916891383007169,0.0003012803452004
Maaradji Runs,without_noise,log_35_1687181968,250,2,"[2408, 3798]","[842, 1057, 2418, 2651, 3788, 4180]",0.5,10.0,00:00:02,2.5235219476744533,0.0004494251019901
Maaradji Runs,with_noise_10,log_35_1687181968,300,2,[],"[842, 1057, 2418, 2651, 3788, 4180]",,,00:00:01,1.8586218962445853,0.0003310101329019
Maaradji Runs,with_noise_10,log_35_1687181968,50,2,[],"[842, 1057, 2418, 2651, 3788, 4180]",,,00:00:00,0.996017049998045,0.0001773850489756
Maaradji Runs,with_noise_20,log_36_1687181970,150,2,[],"[754, 1601, 2593]",,,00:00:13,13.57870699185878,0.0036868604376483
Maaradji Runs,with_noise_20,log_36_1687181970,200,2,[],"[754, 1601, 2593]",,,00:00:24,24.86462179478258,0.0067511870200332
Maaradji Runs,with_noise_10,log_36_1687181970,300,2,[],"[754, 1601, 2593]",,,00:00:22,22.29076239652932,0.0060523384188241
Maaradji Runs,with_noise_10,log_37_1687181973,100,2,[],[1428],,,00:00:07,7.704218729399145,0.0037254442598641
Maaradji Runs,with_noise_10,log_37_1687181973,150,2,[],[1428],,,00:00:06,6.780470934696496,0.0032787577053658
Maaradji Runs,with_noise_10,log_37_1687181973,250,2,[],[1428],,,00:00:07,7.669645539484918,0.003708726082923
Maaradji Runs,with_noise_20,log_38_1687181974,100,2,[],"[1060, 1266]",,,00:00:17,17.34411841444671,0.0073710660494886
Maaradji Runs,without_noise,log_38_1687181974,150,2,[1206],"[1060, 1266]",0.6666666666666666,60.0,00:02:02,122.49985604640096,0.0520611372912881
Maaradji Runs,with_noise_20,log_38_1687181974,250,2,[],"[1060, 1266]",,,00:00:19,19.177879825234413,0.0081503951658454
Maaradji Runs,without_noise,log_38_1687181974,300,2,[1164],"[1060, 1266]",0.6666666666666666,102.0,00:02:27,147.5667424267158,0.0627142976739123
Maaradji Runs,with_noise_10,log_38_1687181974,50,2,[],"[1060, 1266]",,,00:00:16,16.541855023242533,0.0070301126320622
Maaradji Runs,without_noise,log_39_1687181976,100,2,[],"[706, 972, 2184, 3059, 3368]",,,00:27:17,1637.5516775203869,0.3903579684196393
Maaradji Runs,without_noise,log_39_1687181976,150,2,[816],"[706, 972, 2184, 3059, 3368]",0.3333333333333333,110.0,00:27:16,1636.579532161355,0.3901262293590834
Maaradji Runs,with_noise_10,log_39_1687181976,250,2,[],"[706, 972, 2184, 3059, 3368]",,,00:01:11,71.9686028920114,0.0171558052185962
Maaradji Runs,with_noise_10,log_39_1687181976,300,2,[],"[706, 972, 2184, 3059, 3368]",,,00:01:24,84.17190515622497,0.0200648164853933
Maaradji Runs,without_noise,log_3_1687181920,100,2,[],"[1041, 1298]",,,00:02:39,159.90025283396244,0.0705027569814649
Maaradji Runs,without_noise,log_3_1687181920,150,2,[],"[1041, 1298]",,,00:02:14,134.21111297700554,0.0591759757394204
Maaradji Runs,with_noise_20,log_3_1687181920,250,2,[],"[1041, 1298]",,,00:00:09,9.015858487226067,0.0039752462465723
Maaradji Runs,without_noise,log_3_1687181920,300,2,[1210],"[1041, 1298]",0.6666666666666666,88.0,00:02:55,175.1245229318738,0.0772153981181101
Maaradji Runs,with_noise_20,log_3_1687181920,50,2,[],"[1041, 1298]",,,00:00:10,10.296942939981818,0.0045400982980519
Maaradji Runs,with_noise_20,log_40_1687181982,100,2,[],"[1205, 2115, 3442]",,,00:00:02,2.555027309805155,0.0005684154193114
Maaradji Runs,with_noise_10,log_40_1687181982,150,2,[],"[1205, 2115, 3442]",,,00:00:01,1.828123599290848,0.000406701579375
Maaradji Runs,with_noise_10,log_40_1687181982,200,2,[],"[1205, 2115, 3442]",,,00:00:01,1.773879681713879,0.0003946339670108
Maaradji Runs,without_noise,log_41_1687181983,100,2,"[604, 2386, 3238]","[601, 890, 2386, 2718, 3227, 3580]",0.6666666666666666,4.666666666666667,00:00:02,2.3214510679244995,0.0004848477585473
Maaradji Runs,with_noise_20,log_41_1687181983,150,2,[],"[601, 890, 2386, 2718, 3227, 3580]",,,00:00:03,3.865462155081332,0.0008073229229493
Maaradji Runs,without_noise,log_41_1687181983,250,2,"[554, 2336, 3188]","[601, 890, 2386, 2718, 3227, 3580]",0.6666666666666666,45.333333333333336,00:00:03,3.3748611714690924,0.0007048582229467
Maaradji Runs,with_noise_10,log_41_1687181983,50,2,[],"[601, 890, 2386, 2718, 3227, 3580]",,,00:00:02,2.525828581303358,0.0005275331205729
Maaradji Runs,with_noise_10,log_42_1687181985,100,2,[],"[1494, 1841]",,,00:00:01,1.3986062742769718,0.0005450531076683
Maaradji Runs,without_noise,log_42_1687181985,150,2,[1486],"[1494, 1841]",0.6666666666666666,8.0,00:00:01,1.023885185830295,0.0003990199477125
Maaradji Runs,with_noise_20,log_42_1687181985,200,2,[],"[1494, 1841]",,,00:00:02,2.5201822305098176,0.0009821442831293
Maaradji Runs,without_noise,log_42_1687181985,250,2,[1452],"[1494, 1841]",0.6666666666666666,42.0,00:00:01,1.2455211244523523,0.0004853940469416
Maaradji Runs,with_noise_20,log_42_1687181985,300,2,[],"[1494, 1841]",,,00:00:02,2.625738777220249,0.0010232808952534
Maaradji Runs,with_noise_20,log_42_1687181985,50,2,[],"[1494, 1841]",,,00:00:02,2.265995410270989,0.0008830847273074
Maaradji Runs,without_noise,log_43_1687181986,200,2,"[976, 2406, 3608]","[979, 1204, 2415, 2632, 3669]",0.7499999999999999,24.33333333333333,00:05:41,341.169353752397,0.079452574232044
Maaradji Runs,with_noise_10,log_43_1687181986,250,2,[],"[979, 1204, 2415, 2632, 3669]",,,00:00:38,38.67728942446411,0.0090072867779376
Maaradji Runs,without_noise,log_43_1687181986,300,2,"[936, 2372, 3580]","[979, 1204, 2415, 2632, 3669]",0.7499999999999999,58.333333333333336,00:05:43,343.8196879988536,0.0800697922680143
Maaradji Runs,without_noise,log_44_1687181991,100,2,[1036],[1026],1.0,10.0,00:00:00,0.9958249777555466,0.0006101868736247
Maaradji Runs,without_noise,log_44_1687181991,150,2,[1038],[1026],1.0,12.0,00:00:00,0.9636515332385898,0.0005904727532099
Maaradji Runs,with_noise_10,log_44_1687181991,200,2,[],[1026],,,00:00:00,0.4957343153655529,0.00030375877167
Maaradji Runs,with_noise_20,log_44_1687181991,250,2,[],[1026],,,00:00:00,0.7490290328860283,0.0004589638681899
Maaradji Runs,without_noise,log_44_1687181991,300,2,[1002],[1026],1.0,24.0,00:00:00,0.9371102107688783,0.0005742096879711
Maaradji Runs,with_noise_20,log_45_1687181991,150,2,[],[546],,,00:00:00,0.5024100337177515,0.0003656550463739
Maaradji Runs,with_noise_10,log_45_1687181991,200,2,[],[546],,,00:00:00,0.2929193954914808,0.0002131873329632
Maaradji Runs,with_noise_10,log_45_1687181991,250,2,[],[546],,,00:00:00,0.5271184016019106,0.0003836378468718
Maaradji Runs,with_noise_10,log_45_1687181991,300,2,[],[546],,,00:00:00,0.5141232684254646,0.0003741799624639
Maaradji Runs,without_noise,log_45_1687181991,50,2,[532],[546],1.0,14.0,00:00:00,0.1823586476966738,0.0001327209954124
Maaradji Runs,with_noise_10,log_46_1687181991,100,2,[],"[808, 1008, 2422, 3892]",,,00:00:05,5.963599216192961,0.0012885910147348
Maaradji Runs,with_noise_10,log_46_1687181991,200,2,[],"[808, 1008, 2422, 3892]",,,00:00:05,5.477653634734452,0.0011835898087153
Maaradji Runs,with_noise_20,log_47_1687181994,100,2,[],"[1076, 1388]",,,00:01:17,77.40991808660328,0.0308775102060643
Maaradji Runs,with_noise_10,log_47_1687181994,200,2,[1166],"[1076, 1388]",0.6666666666666666,90.0,00:01:22,82.270433396101,0.0328162877527327
Maaradji Runs,with_noise_20,log_47_1687181994,300,2,[],"[1076, 1388]",,,00:01:15,75.44549310114235,0.0300939342246279
Maaradji Runs,with_noise_10,log_47_1687181994,50,2,[],"[1076, 1388]",,,00:01:21,81.03366423025727,0.0323229614001824
Maaradji Runs,with_noise_20,log_48_1687181998,100,2,[],"[1144, 2359, 2666, 3482, 3756]",,,00:00:05,5.0133084915578365,0.0011680588284151
Maaradji Runs,with_noise_20,log_48_1687181998,150,2,[],"[1144, 2359, 2666, 3482, 3756]",,,00:00:04,4.92412381619215,0.001147279547109
Maaradji Runs,with_noise_10,log_48_1687181998,250,2,[],"[1144, 2359, 2666, 3482, 3756]",,,00:00:03,3.700743910856545,0.0008622422905071
Maaradji Runs,with_noise_20,log_48_1687181998,300,2,[],"[1144, 2359, 2666, 3482, 3756]",,,00:00:05,5.06129302084446,0.0011792388212591
Maaradji Runs,with_noise_10,log_49_1687181999,200,2,[],"[605, 889]",,,00:00:00,0.8259357269853354,0.000448878112492
Maaradji Runs,without_noise,log_49_1687181999,250,2,[562],"[605, 889]",0.6666666666666666,43.0,00:00:00,0.4948599860072136,0.0002689456445691
Maaradji Runs,with_noise_20,log_49_1687181999,300,2,[],"[605, 889]",,,00:00:01,1.4037401285022495,0.0007629022437512
Maaradji Runs,with_noise_20,log_49_1687181999,50,2,[],"[605, 889]",,,00:00:01,1.3880615336820483,0.0007543812683054
Maaradji Runs,without_noise,log_4_1687181921,100,2,[1316],"[1313, 1543]",0.6666666666666666,3.0,00:00:01,1.0693985624238849,0.0004058438567073
Maaradji Runs,with_noise_20,log_4_1687181921,200,2,[],"[1313, 1543]",,,00:00:01,1.5480733392760158,0.0005875041135772
Maaradji Runs,without_noise,log_4_1687181921,250,2,[1266],"[1313, 1543]",0.6666666666666666,47.0,00:00:01,1.0525212697684765,0.0003994388120563
Maaradji Runs,with_noise_10,log_4_1687181921,300,2,[],"[1313, 1543]",,,00:00:00,0.942696056328714,0.0003577594141664
Maaradji Runs,without_noise,log_50_1687182000,100,2,[3768],"[1406, 1636, 2269, 2506, 3766]",0.3333333333333333,2.0,00:04:20,260.6310540344566,0.0496723945177161
Maaradji Runs,with_noise_20,log_50_1687182000,150,2,[],"[1406, 1636, 2269, 2506, 3766]",,,00:00:26,26.43878143280745,0.0050388377039846
Maaradji Runs,with_noise_20,log_50_1687182000,200,2,[],"[1406, 1636, 2269, 2506, 3766]",,,00:00:26,26.465821302495897,0.0050439911001516
Maaradji Runs,without_noise,log_50_1687182000,50,2,[3766],"[1406, 1636, 2269, 2506, 3766]",0.3333333333333333,0.0,00:04:06,246.26478048972783,0.0469343968915052
Maaradji Runs,without_noise,log_51_1687182003,100,2,[],[882],,,00:00:54,54.17709151934832,0.0228498909824328
Maaradji Runs,with_noise_10,log_51_1687182003,200,2,[],[882],,,00:00:04,4.780718105845153,0.0020163298632834
Maaradji Runs,with_noise_10,log_51_1687182003,250,2,[],[882],,,00:00:04,4.667976710014045,0.0019687797174247
Maaradji Runs,with_noise_10,log_51_1687182003,300,2,[],[882],,,00:00:04,4.717437974177301,0.0019896406470591
Maaradji Runs,with_noise_10,log_51_1687182003,50,2,[],[882],,,00:00:05,5.093775546178222,0.002148365898852
Maaradji Runs,without_noise,log_52_1687182004,100,2,[],"[1221, 1560]",,,00:00:01,1.3133636871352792,0.0004462669681057
Maaradji Runs,without_noise,log_52_1687182004,150,2,[1542],"[1221, 1560]",0.6666666666666666,18.0,00:00:01,1.2807143004611137,0.0004351730548627
Maaradji Runs,without_noise,log_52_1687182004,250,2,[1404],"[1221, 1560]",0.6666666666666666,156.0,00:00:00,0.782419609837234,0.0002658578354866
Maaradji Runs,without_noise,log_52_1687182004,300,2,[1404],"[1221, 1560]",0.6666666666666666,156.0,00:00:01,1.2873689327389002,0.0004374342279099
Maaradji Runs,without_noise,log_52_1687182004,50,2,[],"[1221, 1560]",,,00:00:01,1.247292977757752,0.0004238168459931
Maaradji Runs,with_noise_10,log_53_1687182005,150,2,[],"[1024, 1283]",,,00:00:00,0.8325971970334649,0.0003488048584136
Maaradji Runs,without_noise,log_53_1687182005,200,2,[1044],"[1024, 1283]",0.6666666666666666,20.0,00:00:02,2.258195700123906,0.000946039254346
Maaradji Runs,with_noise_10,log_53_1687182005,300,2,[],"[1024, 1283]",,,00:00:00,0.8692371705546975,0.0003641546587996
Maaradji Runs,with_noise_20,log_53_1687182005,50,2,[],"[1024, 1283]",,,00:00:00,0.673199750483036,0.0002820275452379
Maaradji Runs,with_noise_20,log_54_1687182005,100,2,[],"[1171, 1523, 2987, 3886, 4123]",,,00:00:02,2.729776985011995,0.0005661088728768
Maaradji Runs,with_noise_20,log_54_1687182005,150,2,[],"[1171, 1523, 2987, 3886, 4123]",,,00:00:02,2.551053679548204,0.0005290447282347
Maaradji Runs,with_noise_20,log_54_1687182005,200,2,[],"[1171, 1523, 2987, 3886, 4123]",,,00:00:01,1.4811644423753023,0.0003071680718322
Maaradji Runs,without_noise,log_54_1687182005,50,2,[2976],"[1171, 1523, 2987, 3886, 4123]",0.3333333333333333,11.0,00:00:02,2.06392094027251,0.0004280217628105
Maaradji Runs,with_noise_20,log_55_1687182006,150,2,[],"[1185, 1392]",,,00:00:01,1.4249176802113652,0.0005177753198442
Maaradji Runs,with_noise_10,log_55_1687182006,200,2,[],"[1185, 1392]",,,00:00:00,0.9002723433077335,0.0003271338456786
Maaradji Runs,with_noise_20,log_55_1687182006,300,2,[],"[1185, 1392]",,,00:00:01,1.258128471672535,0.0004571687760437
Maaradji Runs,with_noise_20,log_56_1687182007,200,2,[],"[999, 1336]",,,00:00:07,7.530040483921766,0.0027951152501565
Maaradji Runs,with_noise_10,log_56_1687182007,250,2,[],"[999, 1336]",,,00:00:06,6.1147014778107405,0.0022697481357872
Maaradji Runs,with_noise_20,log_57_1687182008,100,2,[],"[1216, 1576, 2324, 2698, 4174, 4390]",,,00:00:03,3.8800215795636177,0.0006852740338332
Maaradji Runs,with_noise_20,log_57_1687182008,250,2,[],"[1216, 1576, 2324, 2698, 4174, 4390]",,,00:00:04,4.2071517668664455,0.0007430504710113
Maaradji Runs,with_noise_20,log_57_1687182008,300,2,[],"[1216, 1576, 2324, 2698, 4174, 4390]",,,00:00:03,3.949628808535636,0.0006975677867424
Maaradji Runs,without_noise,log_57_1687182008,50,2,[],"[1216, 1576, 2324, 2698, 4174, 4390]",,,00:00:01,1.2862663203850389,0.0002271752596935
Maaradji Runs,with_noise_20,log_58_1687182010,100,2,[],[566],,,00:00:00,0.7752711651846766,0.0004681589161743
Maaradji Runs,with_noise_20,log_58_1687182010,200,2,[],[566],,,00:00:00,0.8847614787518978,0.0005342762552849
Maaradji Runs,with_noise_20,log_58_1687182010,250,2,[],[566],,,00:00:00,0.8281913194805384,0.0005001155310872
Maaradji Runs,with_noise_20,log_58_1687182010,50,2,[],[566],,,00:00:00,0.8314740089699626,0.0005020978315036
Maaradji Runs,without_noise,log_59_1687182010,100,2,[2054],"[788, 1187, 2051, 3036, 3241]",0.3333333333333333,3.0,00:11:48,708.5869575124234,0.1833817177827182
Maaradji Runs,with_noise_10,log_59_1687182010,150,2,[],"[788, 1187, 2051, 3036, 3241]",,,00:00:57,57.6103762453422,0.014909517661838
Maaradji Runs,without_noise,log_59_1687182010,200,2,"[974, 2034, 3130]","[788, 1187, 2051, 3036, 3241]",0.7499999999999999,99.0,00:11:47,707.224504836835,0.1830291161586011
Maaradji Runs,with_noise_10,log_59_1687182010,250,2,[],"[788, 1187, 2051, 3036, 3241]",,,00:01:00,60.96043090522289,0.0157765090334427
Maaradji Runs,with_noise_20,log_59_1687182010,50,2,[],"[788, 1187, 2051, 3036, 3241]",,,00:01:03,63.11221812944859,0.0163333897850539
Maaradji Runs,without_noise,log_5_1687181922,150,2,[],"[689, 980]",,,00:00:37,37.35110028181225,0.0220100767718398
Maaradji Runs,with_noise_10,log_5_1687181922,200,2,[],"[689, 980]",,,00:00:05,5.649698403663933,0.0033292271088178
Maaradji Runs,without_noise,log_5_1687181922,250,2,[796],"[689, 980]",0.6666666666666666,107.0,00:00:41,41.57675791997463,0.0245001519858424
Maaradji Runs,with_noise_10,log_5_1687181922,300,2,[],"[689, 980]",,,00:00:05,5.566984608769417,0.0032804859214905
Maaradji Runs,with_noise_10,log_60_1687182015,100,2,[],[694],,,00:00:05,5.588570238091052,0.0026299154061604
Maaradji Runs,with_noise_10,log_60_1687182015,200,2,[],[694],,,00:00:05,5.743442961014807,0.0027027966875363
Maaradji Runs,with_noise_10,log_60_1687182015,250,2,[],[694],,,00:00:05,5.664260637015104,0.0026655344174188
Maaradji Runs,with_noise_10,log_60_1687182015,300,2,[],[694],,,00:00:05,5.411200979724526,0.0025464475198703
Maaradji Runs,without_noise,log_60_1687182015,50,2,[702],[694],1.0,8.0,00:00:28,28.843759985640645,0.0135735341108897
Maaradji Runs,without_noise,log_61_1687182016,100,2,"[1130, 1366]","[1128, 1415]",1.0,25.5,00:00:01,1.156017728149891,0.0004498123455836
Maaradji Runs,without_noise,log_61_1687182016,150,2,[1114],"[1128, 1415]",0.6666666666666666,14.0,00:00:01,1.2130340887233615,0.0004719976998923
Maaradji Runs,with_noise_20,log_61_1687182016,300,2,[],"[1128, 1415]",,,00:00:01,1.0542939770966768,0.0004102311194928
Maaradji Runs,with_noise_10,log_62_1687182017,100,2,[],[540],,,00:00:03,3.6769624454900622,0.0022923706019264
Maaradji Runs,with_noise_20,log_62_1687182017,250,2,[],[540],,,00:00:04,4.185910384170711,0.0026096698155677
Maaradji Runs,with_noise_10,log_62_1687182017,50,2,[],[540],,,00:00:03,3.606864335015416,0.0022486685380395
Maaradji Runs,with_noise_10,log_63_1687182017,100,2,[],"[727, 968, 1760, 2588, 2871]",,,00:00:04,4.910603602416813,0.0011562523198532
Maaradji Runs,with_noise_20,log_63_1687182017,150,2,[],"[727, 968, 1760, 2588, 2871]",,,00:00:05,5.478019903413951,0.0012898563464596
Maaradji Runs,with_noise_20,log_63_1687182017,250,2,[],"[727, 968, 1760, 2588, 2871]",,,00:00:06,6.047978796996176,0.0014240590527422
Maaradji Runs,with_noise_20,log_63_1687182017,300,2,[],"[727, 968, 1760, 2588, 2871]",,,00:00:06,6.019880290143192,0.0014174429691884
Maaradji Runs,with_noise_10,log_63_1687182017,50,2,[],"[727, 968, 1760, 2588, 2871]",,,00:00:05,5.14553081523627,0.0012115683577198
Maaradji Runs,with_noise_20,log_64_1687182018,100,2,[],[1359],,,00:01:15,75.40987661946565,0.0382015585711578
Maaradji Runs,with_noise_10,log_64_1687182018,150,2,[],[1359],,,00:01:11,71.04298624582589,0.0359893547344609
Maaradji Runs,with_noise_10,log_65_1687182020,100,2,[],"[909, 1496, 2099, 2410]",,,00:00:04,4.886358740739524,0.0015973712784372
Maaradji Runs,without_noise,log_65_1687182020,150,2,"[914, 1488]","[909, 1496, 2099, 2410]",0.6666666666666666,6.5,00:00:33,33.30655089393258,0.0108880519430966
Maaradji Runs,without_noise,log_65_1687182020,200,2,"[906, 1480, 2212]","[909, 1496, 2099, 2410]",0.8571428571428571,44.0,00:00:33,33.2656115880236,0.0108746687113512
Maaradji Runs,with_noise_10,log_65_1687182020,300,2,[],"[909, 1496, 2099, 2410]",,,00:00:02,2.411544380709529,0.0007883440276919
Maaradji Runs,with_noise_10,log_66_1687182022,100,2,[],"[846, 1221]",,,00:00:03,3.3814700562506914,0.001954606968931
Maaradji Runs,with_noise_10,log_66_1687182022,250,2,[1024],"[846, 1221]",0.6666666666666666,178.0,00:00:03,3.362149148248136,0.0019434388140162
Maaradji Runs,with_noise_10,log_67_1687182023,100,2,[],"[933, 1145, 2289, 3129]",,,00:00:01,1.2891031773760917,0.0002900119634141
Maaradji Runs,without_noise,log_67_1687182023,150,2,"[920, 2246, 3082]","[933, 1145, 2289, 3129]",0.8571428571428571,34.333333333333336,00:00:01,1.8622705088928344,0.000418958494689
Maaradji Runs,with_noise_20,log_67_1687182023,200,2,[],"[933, 1145, 2289, 3129]",,,00:00:01,1.7666781842708588,0.0003974529098472
Maaradji Runs,with_noise_10,log_67_1687182023,300,2,[],"[933, 1145, 2289, 3129]",,,00:00:01,1.4561925195157528,0.0003276023665952
Maaradji Runs,without_noise,log_67_1687182023,50,2,"[2278, 2482, 3116]","[933, 1145, 2289, 3129]",0.5714285714285715,12.0,00:00:01,1.98251329921186,0.000446009741105
Maaradji Runs,with_noise_20,log_68_1687182024,100,2,[],"[896, 1272, 1818, 2030, 2923, 3240]",,,00:00:15,15.846265039406717,0.0035081392604398
Maaradji Runs,with_noise_20,log_68_1687182024,150,2,[],"[896, 1272, 1818, 2030, 2923, 3240]",,,00:00:15,15.167720893397927,0.0033579191705552
Maaradji Runs,with_noise_10,log_68_1687182024,200,2,[],"[896, 1272, 1818, 2030, 2923, 3240]",,,00:00:12,12.688187787309287,0.0028089855628313
Maaradji Runs,without_noise,log_68_1687182024,250,2,"[926, 1840, 2994]","[896, 1272, 1818, 2030, 2923, 3240]",0.6666666666666666,41.0,00:01:35,95.46275187656283,0.0211341049095777
Maaradji Runs,with_noise_10,log_68_1687182024,300,2,[],"[896, 1272, 1818, 2030, 2923, 3240]",,,00:00:12,12.456127892248333,0.002757610779776
Maaradji Runs,with_noise_10,log_69_1687182027,200,2,[],"[1354, 1741, 2389, 2676, 3199]",,,00:00:24,24.821443653665483,0.0058762887437655
Maaradji Runs,with_noise_10,log_69_1687182027,250,2,[],"[1354, 1741, 2389, 2676, 3199]",,,00:00:24,24.438886987045407,0.0057857213510997
Maaradji Runs,without_noise,log_69_1687182027,50,2,[],"[1354, 1741, 2389, 2676, 3199]",,,00:05:23,323.7882361607626,0.0766544119698775
Maaradji Runs,with_noise_10,log_6_1687181923,100,2,[],"[923, 1989, 3141]",,,00:00:11,11.41806781757623,0.0025944257708648
Maaradji Runs,with_noise_20,log_6_1687181923,150,2,[],"[923, 1989, 3141]",,,00:00:10,10.877485351637006,0.0024715940358184
Maaradji Runs,without_noise,log_6_1687181923,200,2,"[2032, 3146]","[923, 1989, 3141]",0.8,24.0,00:00:59,59.61280776374042,0.0135452869265486
Maaradji Runs,without_noise,log_6_1687181923,300,2,"[1980, 3118]","[923, 1989, 3141]",0.8,16.0,00:01:22,82.49211756698787,0.018743948549645
Maaradji Runs,without_noise,log_6_1687181923,50,2,[],"[923, 1989, 3141]",,,00:01:13,73.45361512247473,0.0166902102073334
Maaradji Runs,without_noise,log_70_1687182031,200,2,[578],[608],1.0,30.0,00:00:08,8.29675916954875,0.0056402169745402
Maaradji Runs,with_noise_10,log_70_1687182031,250,2,[],[608],,,00:00:01,1.957004620693624,0.0013303906326945
Maaradji Runs,with_noise_20,log_70_1687182031,300,2,[],[608],,,00:00:02,2.314999052323401,0.001573758703143
Maaradji Runs,without_noise,log_71_1687182031,150,2,"[960, 2024, 3366]","[940, 1158, 1961, 2167, 3303, 3626]",0.6666666666666666,48.66666666666666,00:01:45,105.08714315667748,0.0232957533045172
Maaradji Runs,without_noise,log_71_1687182031,200,2,"[958, 1970, 3350]","[940, 1158, 1961, 2167, 3303, 3626]",0.6666666666666666,24.666666666666668,00:01:34,94.0478425854817,0.0208485574341568
Maaradji Runs,without_noise,log_71_1687182031,300,2,"[942, 1974, 3292]","[940, 1158, 1961, 2167, 3303, 3626]",0.6666666666666666,8.666666666666666,00:01:27,87.97338115144521,0.0195019687766449
Maaradji Runs,with_noise_20,log_71_1687182031,50,2,[],"[940, 1158, 1961, 2167, 3303, 3626]",,,00:00:06,6.064622319303453,0.0013444075192426
Maaradji Runs,with_noise_10,log_72_1687182033,100,2,[],"[661, 974]",,,00:00:08,8.544717566110194,0.0056438028838244
Maaradji Runs,with_noise_20,log_72_1687182033,250,2,[],"[661, 974]",,,00:00:08,8.148353299126029,0.0053820035000832
Maaradji Runs,with_noise_10,log_72_1687182033,300,2,[],"[661, 974]",,,00:00:08,8.708589692600071,0.0057520407480845
Maaradji Runs,without_noise,log_72_1687182033,50,2,[],"[661, 974]",,,00:01:17,77.95033614244312,0.0514863514811381
Maaradji Runs,with_noise_20,log_73_1687182035,100,2,[],"[1478, 2417, 2951, 3283]",,,00:00:03,3.021974449045956,0.0006787903075125
Maaradji Runs,with_noise_20,log_73_1687182035,150,2,[],"[1478, 2417, 2951, 3283]",,,00:00:02,2.856322867795825,0.0006415819559289
Maaradji Runs,without_noise,log_73_1687182035,200,2,"[1416, 2354, 3012]","[1478, 2417, 2951, 3283]",0.8571428571428571,62.0,00:00:02,2.297014217823744,0.0005159510821706
Maaradji Runs,without_noise,log_73_1687182035,250,2,"[1398, 2338, 2992]","[1478, 2417, 2951, 3283]",0.8571428571428571,66.66666666666667,00:00:01,1.3916553808376193,0.0003125910558934
Maaradji Runs,without_noise,log_73_1687182035,300,2,"[1384, 2322, 2986]","[1478, 2417, 2951, 3283]",0.8571428571428571,74.66666666666667,00:00:02,2.4874529279768467,0.000558727072771
Maaradji Runs,with_noise_20,log_73_1687182035,50,2,[],"[1478, 2417, 2951, 3283]",,,00:00:01,1.51737096067518,0.0003408290567554
Maaradji Runs,with_noise_10,log_74_1687182036,150,2,[],[839],,,00:00:01,1.453842836432159,0.0010362386574712
Maaradji Runs,with_noise_20,log_74_1687182036,200,2,[],[839],,,00:00:01,1.7796311369165778,0.0012684469970895
Maaradji Runs,with_noise_10,log_74_1687182036,250,2,[],[839],,,00:00:01,1.5571681605651977,0.0011098846475874
Maaradji Runs,with_noise_20,log_74_1687182036,50,2,[],[839],,,00:00:01,1.8342254497110844,0.0013073595507562
Maaradji Runs,without_noise,log_75_1687182036,100,2,[],"[1099, 1445]",,,00:00:05,5.316883155144751,0.0022868314645783
Maaradji Runs,with_noise_10,log_75_1687182036,250,2,[1130],"[1099, 1445]",0.6666666666666666,31.0,00:00:02,2.4206371642649174,0.0010411342641999
Maaradji Runs,without_noise,log_75_1687182036,50,2,[],"[1099, 1445]",,,00:00:05,5.737970691174269,0.0024679443833007
Maaradji Runs,with_noise_20,log_76_1687182037,100,2,[],"[1056, 1741, 2740]",,,00:00:02,2.494093823246658,0.0007620207220429
Maaradji Runs,without_noise,log_76_1687182037,150,2,"[1010, 1694, 2694]","[1056, 1741, 2740]",1.0,46.333333333333336,00:00:01,1.312882418744266,0.0004011250897477
Maaradji Runs,without_noise,log_76_1687182037,200,2,"[992, 1676, 2676]","[1056, 1741, 2740]",1.0,64.33333333333333,00:00:01,1.2321006255224347,0.0003764438208134
Maaradji Runs,with_noise_10,log_76_1687182037,300,2,[],"[1056, 1741, 2740]",,,00:00:01,1.867649609223008,0.000570623161999
Maaradji Runs,with_noise_20,log_76_1687182037,50,2,[],"[1056, 1741, 2740]",,,00:00:02,2.645301558077336,0.0008082192355873
Maaradji Runs,with_noise_20,log_77_1687182038,100,2,[],"[560, 1784, 3134]",,,00:00:07,7.561279970221221,0.0016702628606629
Maaradji Runs,with_noise_20,log_77_1687182038,150,2,[],"[560, 1784, 3134]",,,00:00:06,6.608141401782632,0.0014597175616926
Maaradji Runs,without_noise,log_77_1687182038,200,2,"[494, 1736, 3086]","[560, 1784, 3134]",1.0,54.0,00:00:17,17.321216139011085,0.0038262019304199
Maaradji Runs,with_noise_20,log_77_1687182038,300,2,[],"[560, 1784, 3134]",,,00:00:07,7.878266480751336,0.0017402841795342
Maaradji Runs,without_noise,log_77_1687182038,50,2,"[556, 1778, 3136]","[560, 1784, 3134]",1.0,4.0,00:00:09,9.433638478629293,0.0020838609407177
Maaradji Runs,with_noise_10,log_78_1687182040,100,2,[],[743],,,00:00:00,0.8415408181026578,0.0003763599365396
Maaradji Runs,with_noise_10,log_78_1687182040,150,2,[],[743],,,00:00:00,0.8092367425560951,0.0003619126755617
Maaradji Runs,with_noise_20,log_78_1687182040,250,2,[],[743],,,00:00:01,1.33289291895926,0.0005961059566007
Maaradji Runs,without_noise,log_78_1687182040,300,2,[646],[743],1.0,97.0,00:00:00,0.5802631760016084,0.0002595094704837
Maaradji Runs,with_noise_20,log_78_1687182040,50,2,[],[743],,,00:00:01,1.2908231727778912,0.0005772912221725
Maaradji Runs,without_noise,log_79_1687182041,150,2,[],[532],,,00:00:49,49.958792861551046,0.0272700834397112
Maaradji Runs,with_noise_10,log_79_1687182041,200,2,[],[532],,,00:00:06,6.6157809011638165,0.0036112341163557
Maaradji Runs,without_noise,log_79_1687182041,250,2,[],[532],,,00:00:49,49.427251976914704,0.0269799410354337
Maaradji Runs,with_noise_20,log_79_1687182041,300,2,[],[532],,,00:00:06,6.775862462818623,0.0036986148814512
Maaradji Runs,with_noise_10,log_7_1687181925,100,2,[],"[920, 1720, 2103, 3052, 3413]",,,00:00:01,1.922015769407153,0.0004045497304582
Maaradji Runs,with_noise_10,log_7_1687181925,150,2,[],"[920, 1720, 2103, 3052, 3413]",,,00:00:02,2.07333271857351,0.0004363992251259
Maaradji Runs,with_noise_10,log_7_1687181925,200,2,[],"[920, 1720, 2103, 3052, 3413]",,,00:00:02,2.046544551849365,0.000430760798116
Maaradji Runs,without_noise,log_7_1687181925,250,2,"[840, 1676, 3008]","[920, 1720, 2103, 3052, 3413]",0.7499999999999999,56.0,00:00:01,1.5596978878602386,0.0003282883367417
Maaradji Runs,without_noise,log_7_1687181925,50,2,[906],"[920, 1720, 2103, 3052, 3413]",0.3333333333333333,14.0,00:00:01,1.1544364085420966,0.0002429880885165
Maaradji Runs,without_noise,log_80_1687182042,100,2,[980],[981],1.0,1.0,00:02:42,162.5303396563977,0.0767014344768276
Maaradji Runs,with_noise_20,log_80_1687182042,150,2,[],[981],,,00:00:13,13.160143767483532,0.0062105444867784
Maaradji Runs,without_noise,log_80_1687182042,200,2,[974],[981],1.0,7.0,00:02:58,178.04051388520747,0.0840210070246377
Maaradji Runs,with_noise_10,log_80_1687182042,250,2,[],[981],,,00:00:10,10.749052967876196,0.0050727007871053
Maaradji Runs,with_noise_20,log_80_1687182042,300,2,[],[981],,,00:00:12,12.297781934961677,0.0058035780721857
Maaradji Runs,without_noise,log_80_1687182042,50,2,[],[981],,,00:02:44,164.7672187918797,0.0777570640830012
Maaradji Runs,with_noise_20,log_81_1687182043,150,2,[],"[751, 1119]",,,00:00:00,0.9896975876763464,0.0005384644111405
Maaradji Runs,with_noise_10,log_81_1687182043,200,2,[],"[751, 1119]",,,00:00:00,0.7303574094548821,0.000397365293501
Maaradji Runs,with_noise_10,log_81_1687182043,250,2,[],"[751, 1119]",,,00:00:00,0.658586073666811,0.0003583166886108
Maaradji Runs,with_noise_10,log_81_1687182043,300,2,[],"[751, 1119]",,,00:00:00,0.6147850072011352,0.0003344858581072
Maaradji Runs,with_noise_10,log_82_1687182044,100,2,[],[642],,,00:00:09,9.597846318036318,0.0046910294809561
Maaradji Runs,with_noise_20,log_82_1687182044,150,2,[],[642],,,00:00:10,10.89299433492124,0.0053240441519654
Maaradji Runs,with_noise_20,log_82_1687182044,200,2,[],[642],,,00:00:10,10.664785847067831,0.0052125053015971
Maaradji Runs,with_noise_20,log_82_1687182044,300,2,[],[642],,,00:00:05,5.595037532970309,0.0027346224501321
Maaradji Runs,with_noise_20,log_82_1687182044,50,2,[],[642],,,00:00:10,10.729898422025144,0.0052443296295333
Maaradji Runs,without_noise,log_83_1687182046,150,2,"[1124, 1640, 2562]","[1171, 1687, 2573, 2813]",0.8571428571428571,35.0,00:00:00,0.9686017297208308,0.0002658072803844
Maaradji Runs,with_noise_10,log_83_1687182046,200,2,[],"[1171, 1687, 2573, 2813]",,,00:00:01,1.5147234834730623,0.0004156760382747
Maaradji Runs,with_noise_20,log_83_1687182046,250,2,[],"[1171, 1687, 2573, 2813]",,,00:00:02,2.4352750554680824,0.0006682972160999
Maaradji Runs,with_noise_20,log_83_1687182046,300,2,[],"[1171, 1687, 2573, 2813]",,,00:00:02,2.1853635758161545,0.0005997155806301
Maaradji Runs,with_noise_20,log_83_1687182046,50,2,[],"[1171, 1687, 2573, 2813]",,,00:00:02,2.205432929098606,0.0006052230870193
Maaradji Runs,with_noise_10,log_84_1687182047,100,2,[],[1338],,,00:00:01,1.3105954229831696,0.0005141606210212
Maaradji Runs,with_noise_20,log_84_1687182047,150,2,[],[1338],,,00:00:02,2.075007736682892,0.0008140477586045
Maaradji Runs,with_noise_20,log_84_1687182047,200,2,[],[1338],,,00:00:02,2.0379459094256163,0.0007995080068362
Maaradji Runs,with_noise_20,log_84_1687182047,250,2,[],[1338],,,00:00:01,1.98628044500947,0.0007792390918044
Maaradji Runs,with_noise_20,log_84_1687182047,300,2,[],[1338],,,00:00:02,2.17251000367105,0.0008522989422012
Maaradji Runs,with_noise_10,log_84_1687182047,50,2,[],[1338],,,00:00:01,1.6286289682611823,0.0006389285869992
Maaradji Runs,without_noise,log_85_1687182048,150,2,[],"[1308, 1543]",,,00:30:08,1808.7350067608056,0.6994334906267617
Maaradji Runs,with_noise_20,log_85_1687182048,200,2,[],"[1308, 1543]",,,00:01:46,106.21851409040391,0.0410744447372018
Maaradji Runs,without_noise,log_85_1687182048,300,2,[],"[1308, 1543]",,,00:29:06,1746.1669481433928,0.6752385723679013
Maaradji Runs,without_noise,log_85_1687182048,50,2,[],"[1308, 1543]",,,00:29:17,1757.1558330263942,0.6794879478060303
Maaradji Runs,with_noise_20,log_86_1687182053,100,2,[],[931],,,00:00:03,3.19217520672828,0.0018591585362424
Maaradji Runs,with_noise_20,log_86_1687182053,150,2,[],[931],,,00:00:03,3.3210561741143465,0.001934220252833
Maaradji Runs,with_noise_10,log_86_1687182053,200,2,[],[931],,,00:00:02,2.873459897004068,0.0016735351758905
Maaradji Runs,with_noise_10,log_86_1687182053,250,2,[],[931],,,00:00:02,2.8202860187739134,0.0016425661146033
Maaradji Runs,with_noise_10,log_86_1687182053,300,2,[],[931],,,00:00:02,2.758480504155159,0.0016065698917618
Maaradji Runs,with_noise_10,log_87_1687182053,100,2,[],"[1385, 2862, 3527, 3777]",,,00:00:18,18.69432793185115,0.0040861918976723
Maaradji Runs,with_noise_20,log_87_1687182053,150,2,[],"[1385, 2862, 3527, 3777]",,,00:00:24,24.50730175897479,0.0053567872697212
Maaradji Runs,without_noise,log_87_1687182053,300,2,"[1342, 2812, 3584]","[1385, 2862, 3527, 3777]",0.8571428571428571,50.0,00:00:52,52.13960813637823,0.0113966356582247
Maaradji Runs,without_noise,log_87_1687182053,50,2,"[1388, 2874]","[1385, 2862, 3527, 3777]",0.6666666666666666,7.5,00:01:21,81.70568730868399,0.0178591666248489
Maaradji Runs,with_noise_10,log_88_1687182055,100,2,[],"[1401, 1950, 2206, 3218, 3462]",,,00:00:03,3.9475760255008936,0.0009273140769323
Maaradji Runs,with_noise_10,log_88_1687182055,150,2,[],"[1401, 1950, 2206, 3218, 3462]",,,00:00:04,4.204944932833314,0.0009877718893195
Maaradji Runs,with_noise_10,log_88_1687182055,200,2,[],"[1401, 1950, 2206, 3218, 3462]",,,00:00:04,4.212795733474195,0.0009896160990073
Maaradji Runs,without_noise,log_88_1687182055,250,2,"[1326, 1914, 3178]","[1401, 1950, 2206, 3218, 3462]",0.7499999999999999,50.333333333333336,00:00:16,16.156098710373044,0.0037951840992184
Maaradji Runs,without_noise,log_88_1687182055,50,2,[1388],"[1401, 1950, 2206, 3218, 3462]",0.3333333333333333,13.0,00:00:16,16.46946981549263,0.0038687972317342
Maaradji Runs,with_noise_20,log_89_1687182057,100,2,[],"[1144, 1943, 2486]",,,00:00:04,4.948857942596078,0.0015340539189696
Maaradji Runs,without_noise,log_89_1687182057,200,2,"[1080, 1880, 2422]","[1144, 1943, 2486]",1.0,63.66666666666666,00:00:13,13.668660208582878,0.0042370304428341
Maaradji Runs,without_noise,log_89_1687182057,250,2,"[1066, 1864, 2408]","[1144, 1943, 2486]",1.0,78.33333333333333,00:00:25,25.99009350594133,0.0080564456001058
Maaradji Runs,with_noise_20,log_89_1687182057,300,2,[],"[1144, 1943, 2486]",,,00:00:05,5.012831248342991,0.001553884453919
Maaradji Runs,with_noise_10,log_89_1687182057,50,2,[],"[1144, 1943, 2486]",,,00:00:01,1.9344273200258613,0.0005996364910185
Maaradji Runs,with_noise_10,log_8_1687181927,150,2,[],"[778, 1133]",,,00:00:12,12.470607059076428,0.0054815855204731
Maaradji Runs,with_noise_20,log_8_1687181927,50,2,[],"[778, 1133]",,,00:00:10,10.029538755305111,0.0044085884638703
Maaradji Runs,with_noise_10,log_90_1687182058,100,2,[],[652],,,00:00:03,3.7685667974874377,0.002005623628253
Maaradji Runs,with_noise_10,log_90_1687182058,150,2,[],[652],,,00:00:04,4.453540685586631,0.0023701653462408
Maaradji Runs,without_noise,log_90_1687182058,200,2,[606],[652],1.0,46.0,00:00:55,55.04699955135584,0.0292959018368045
Maaradji Runs,with_noise_10,log_90_1687182058,50,2,[],[652],,,00:00:04,4.460218143649399,0.0023737190759177
Maaradji Runs,with_noise_10,log_91_1687182059,100,2,[],"[806, 1021, 2361, 2754, 3407, 3685]",,,00:00:47,47.44105705246329,0.0092261876803701
Maaradji Runs,without_noise,log_91_1687182059,200,2,[],"[806, 1021, 2361, 2754, 3407, 3685]",,,00:11:51,711.8395313881338,0.1384363149335149
Maaradji Runs,with_noise_10,log_91_1687182059,250,2,[],"[806, 1021, 2361, 2754, 3407, 3685]",,,00:00:51,51.83255423884839,0.010080232251818
Maaradji Runs,with_noise_10,log_91_1687182059,50,2,[],"[806, 1021, 2361, 2754, 3407, 3685]",,,00:00:38,38.995905147865415,0.0075838010789314
Maaradji Runs,with_noise_20,log_92_1687182064,200,2,[],[1041],,,00:00:16,16.613338127732277,0.0074067490538262
Maaradji Runs,with_noise_20,log_92_1687182064,250,2,[],[1041],,,00:00:15,15.288532190956175,0.0068161088680143
Maaradji Runs,without_noise,log_92_1687182064,300,2,[966],[1041],1.0,75.0,00:02:23,143.81426845584065,0.0641169275326975
Maaradji Runs,with_noise_10,log_93_1687182065,100,2,[],"[761, 990, 1771, 2107, 2887, 3146]",,,00:00:04,4.02246633823961,0.0009332868534198
Maaradji Runs,with_noise_10,log_93_1687182065,200,2,[],"[761, 990, 1771, 2107, 2887, 3146]",,,00:00:04,4.185938634909689,0.0009712154605358
Maaradji Runs,with_noise_20,log_93_1687182065,250,2,[],"[761, 990, 1771, 2107, 2887, 3146]",,,00:00:06,6.5471114329993725,0.0015190513765659
Maaradji Runs,with_noise_20,log_93_1687182065,300,2,[],"[761, 990, 1771, 2107, 2887, 3146]",,,00:00:06,6.49210010189563,0.0015062877266579
Maaradji Runs,with_noise_10,log_93_1687182065,50,2,[],"[761, 990, 1771, 2107, 2887, 3146]",,,00:00:03,3.545920685864985,0.000822719416674
Maaradji Runs,without_noise,log_94_1687182067,100,2,"[528, 1968, 2972]","[517, 868, 1998, 2959, 3215]",0.7499999999999999,18.0,00:00:01,1.0916967112571,0.0002564474304104
Maaradji Runs,without_noise,log_94_1687182067,150,2,"[512, 1952, 2956]","[517, 868, 1998, 2959, 3215]",0.7499999999999999,18.0,00:00:01,1.2271124524995685,0.0002882575645993
Maaradji Runs,with_noise_20,log_94_1687182067,250,2,[],"[517, 868, 1998, 2959, 3215]",,,00:00:01,1.0988584253937006,0.0002581297687088
Maaradji Runs,without_noise,log_94_1687182067,300,2,"[498, 1902, 2906]","[517, 868, 1998, 2959, 3215]",0.7499999999999999,56.0,00:00:01,1.6442803554236889,0.0003862533134657
Maaradji Runs,with_noise_20,log_95_1687182068,150,2,[],"[561, 936, 2338, 2712, 4212]",,,00:00:45,45.38454352039844,0.008045478376245
Maaradji Runs,without_noise,log_95_1687182068,250,2,"[812, 4258]","[561, 936, 2338, 2712, 4212]",0.5714285714285715,85.0,00:07:06,426.9466704297811,0.075686344695937
Maaradji Runs,with_noise_20,log_95_1687182068,300,2,[],"[561, 936, 2338, 2712, 4212]",,,00:00:45,45.87120073661208,0.0081317498203531
Maaradji Runs,without_noise,log_95_1687182068,50,2,[],"[561, 936, 2338, 2712, 4212]",,,00:07:29,449.3640434667468,0.0796603516161579
Maaradji Runs,without_noise,log_96_1687182073,150,2,"[786, 1622, 2562]","[805, 1076, 1645, 1910, 2579, 2949]",0.6666666666666666,19.666666666666668,00:00:01,1.9578427309170363,0.0004748587753861
Maaradji Runs,with_noise_10,log_96_1687182073,200,2,[],"[805, 1076, 1645, 1910, 2579, 2949]",,,00:00:02,2.098168903030455,0.0005088937431555
Maaradji Runs,with_noise_20,log_96_1687182073,250,2,[],"[805, 1076, 1645, 1910, 2579, 2949]",,,00:00:03,3.159947213716805,0.0007664194066739
Maaradji Runs,with_noise_10,log_96_1687182073,300,2,[],"[805, 1076, 1645, 1910, 2579, 2949]",,,00:00:02,2.0976160001009703,0.0005087596410625
Maaradji Runs,with_noise_20,log_96_1687182073,50,2,[],"[805, 1076, 1645, 1910, 2579, 2949]",,,00:00:03,3.0255748350173235,0.000733828482905
Maaradji Runs,with_noise_20,log_97_1687182074,150,2,[],"[1151, 2334, 3469, 3787]",,,00:00:03,3.9947433387860656,0.000801352725935
Maaradji Runs,with_noise_20,log_97_1687182074,300,2,[],"[1151, 2334, 3469, 3787]",,,00:00:08,8.108506949618459,0.0016265811333236
Maaradji Runs,with_noise_20,log_97_1687182074,50,2,[],"[1151, 2334, 3469, 3787]",,,00:00:07,7.479982301592827,0.0015004979541811
Maaradji Runs,with_noise_20,log_98_1687182076,150,2,[],"[896, 1153]",,,00:00:00,0.8719782009720802,0.0004945990930074
Maaradji Runs,with_noise_20,log_98_1687182076,200,2,[],"[896, 1153]",,,00:00:00,0.8963836599141359,0.0005084422347782
Maaradji Runs,with_noise_10,log_98_1687182076,250,2,[],"[896, 1153]",,,00:00:00,0.5833067642524838,0.0003308603313967
Maaradji Runs,without_noise,log_98_1687182076,300,2,[910],"[896, 1153]",0.6666666666666666,14.0,00:00:00,0.9209760949015616,0.0005223914321619
Maaradji Runs,without_noise,log_98_1687182076,50,2,[],"[896, 1153]",,,00:00:01,1.0472735073417423,0.0005940292157355
Maaradji Runs,without_noise,log_99_1687182077,100,2,[],"[555, 837, 2088, 2767]",,,00:00:03,3.998895660974085,0.0011747637076892
Maaradji Runs,with_noise_10,log_99_1687182077,150,2,[],"[555, 837, 2088, 2767]",,,00:00:01,1.5934377955272794,0.0004681074604956
Maaradji Runs,with_noise_20,log_99_1687182077,300,2,[],"[555, 837, 2088, 2767]",,,00:00:02,2.4707406600937247,0.0007258345064905
Maaradji Runs,without_noise,log_99_1687182077,50,2,[],"[555, 837, 2088, 2767]",,,00:00:03,3.9061486925929785,0.0011475172422423
Maaradji Runs,without_noise,log_9_1687181928,150,2,"[1088, 1870, 2684]","[1135, 1916, 2696, 2989]",0.8571428571428571,35.0,00:00:01,1.1840841975063086,0.0002639510025649
Maaradji Runs,with_noise_10,log_9_1687181928,250,2,[],"[1135, 1916, 2696, 2989]",,,00:00:02,2.1004896787926555,0.0004682322065966
Maaradji Runs,with_noise_20,log_9_1687181928,300,2,[],"[1135, 1916, 2696, 2989]",,,00:00:03,3.403954862616956,0.000758795109812
